location	revision	code	longitude	QoS	latitude
Africa/Khartoum	12/19/2018, 00:00:00	SD	34.3869	excellent	11.8659
America/Sao_Paulo	2016/09/21	BR	-48.62789	maintenance	-17.74431
America/New_York	2015/04/12	US	-84.23381	good	33.54428
America/Sao_Paulo	2013/02/01	BR	-50.19556	maintenance	-19.72806
Asia/Kolkata	2017/02/26	IN	88.1453	accep	22.4711
Europe/Berlin	25 Oct 2015	DE	9.5926	maintenance	52.86147
America/Chicago	07/09/2015, 00:00:00	US	-93.12577	good	44.73941
Asia/Kolkata	2017/04/19	IN	72.93924	acceptable	18.87813
Europe/Bucharest	08 Apr 2016	RO	26.01649	good	44.43579
Europe/Moscow	2017/08/06	RU	30.28491	excellent	60.02427
Europe/Paris	23 May 2015	FR	4.63031	accep	43.67681
Europe/Berlin	2016/06/24	DE	13.32127	accep	52.59319
Europe/Berlin	2014/05/09	DE	8.86704	average	50.23805
Europe/London	2017-04-19	GB	0.30367	accep	51.38673
Europe/London	2019/04/30	GB	0.47713	maintenance	51.39323
Asia/Manila	07/24/2014, 00:00:00	PH	122.8637	accep	9.3337
Africa/Lagos	2015/09/24	NG	4.18333	average	7.6
Asia/Bangkok	2022-02-14	TH	99.95469	excellent	13.51825
Asia/Damascus	11/16/2016, 00:00:00	SY	38.28402	good	34.5624
America/New_York	11 Jan 2022	US	-78.87836	building	35.05266
America/Bogota	19 Dec 2018	CO	-75.69947	average	8.79577
Asia/Yekaterinburg	2015-08-13	RU	69.49015	good	56.11281
Asia/Tokyo	03/09/2021, 00:00:00	JP	139.55722	building	36
Europe/Madrid	01/21/2020, 00:00:00	ES	-1.60452	building	42.06166
Europe/Berlin	06 Apr 2015	DE	8.63333	good	52.2
America/New_York	01/16/2014, 00:00:00	US	-71.29144	accep	41.54566
America/New_York	04/22/2016, 00:00:00	US	-76.72803	good	39.32288
America/Sao_Paulo	25 Jul 2014	BR	-50.19556	average	-19.72806
Asia/Jakarta	11/23/2021, 00:00:00	ID	112.23109	good	-7.57897
America/New_York	22 Feb 2020	US	-78.87836	average	35.05266
Europe/Madrid	12/16/2021, 00:00:00	ES	-8.2194	good	43.48961
America/Sao_Paulo	2017-02-20	BR	-48.59278	excellent	-23.7975
Europe/Madrid	08/01/2017, 00:00:00	ES	-3.67029	good	37.13548
America/Los_Angeles	10/25/2017, 00:00:00	US	-116.37697	average	33.72255
America/New_York	22 Feb 2014	US	-76.72803	good	39.32288
Europe/London	24 Mar 2018	GB	-2.01111	maintenance	52.66277
Asia/Baku	04/05/2015, 00:00:00	AZ	45.36561	excellent	41.09246
Africa/Freetown	09 Nov 2012	SL	-13.2356	good	8.48714
Asia/Shanghai	2015/03/15	CN	111.73861	average	35.20889
Europe/Stockholm	05/10/2015, 00:00:00	SE	17.10558	maintenance	61.72744
America/New_York	2015-12-01	US	-76.43941	maintenance	39.33427
Europe/Madrid	01/02/2020, 00:00:00	ES	-2.68333	accep	43.31667
Asia/Jakarta	12 Nov 2019	ID	106.85417	excellent	-6.48167
Europe/Rome	2018/06/17	IT	15.07041	average	37.49223
Asia/Kolkata	2015-09-09	IN	74.3092	maintenance	33.37526
Europe/Moscow	2016-07-13	RU	38.12408	good	53.77166
Africa/Accra	30 Aug 2014	GH	-1.4001	excellent	7.06273
America/Chicago	2020-02-21	US	-95.44744	excellent	29.53885
America/New_York	2018-12-15	US	-76.72803	average	39.32288
Europe/Helsinki	2013/12/30	FI	24.6522	accep	60.2052
Asia/Shanghai	08/23/2019, 00:00:00	CN	122.05228	average	37.19723
Europe/Istanbul	2013-11-15	TR	28.67582	good	40.98894
Europe/Vilnius	2016-07-25	LT	24.75	average	55.25
Asia/Tehran	2016-08-06	IR	51.67462	excellent	32.65246
Europe/Skopje	2021/03/01	MK	21.32778	excellent	42
Asia/Bangkok	2013-12-02	TH	100.04427	good	13.8196
America/New_York	11 Aug 2022	US	-77.96389	good	39.45621
America/New_York	05/21/2016, 00:00:00	US	-73.20483	accep	41.16704
America/New_York	10/18/2013, 00:00:00	US	-80.22588	average	26.2173
Asia/Bangkok	2013-08-08	TH	100.04427	accep	13.8196
Indian/Reunion	06/11/2017, 00:00:00	RE	55.4504	building	-20.88231
Africa/Dar_es_Salaam	26 Feb 2022	TZ	39.28333	building	-10.33333
America/Argentina/Buenos_Aires	2022-09-05	AR	-58.38341	good	-34.64966
Asia/Kolkata	03/28/2016, 00:00:00	IN	77.54372	accep	10.12268
America/Mexico_City	2019-10-29	MX	-101.2591	average	21.01858
Asia/Shanghai	2022/02/09	CN	130.57211	building	45.75279
Asia/Jakarta	14 Jun 2013	ID	104.09701	average	-1.26424
Asia/Seoul	01 Nov 2015	KR	126.665	good	36.6009
America/New_York	2019/02/26	US	-72.27814	maintenance	42.93369
America/Los_Angeles	2018-12-19	US	-117.14392	average	32.9156
Pacific/Efate	2021-07-13	VU	168.31366	excellent	-17.73648
Europe/Moscow	2020-12-04	RU	37.56667	maintenance	55.85
America/Chicago	2019/02/17	US	-91.58045	excellent	41.6764
America/Chicago	02 Feb 2020	US	-91.73625	maintenance	35.25064
Europe/Madrid	2020-10-22	ES	-1.86343	accep	38.10558
Asia/Manila	09 Apr 2021	PH	122.9666	excellent	10.7375
Asia/Baku	2020-07-15	AZ	45.36561	excellent	41.09246
Asia/Manila	2016-10-23	PH	123.89071	accep	10.31672
Asia/Manila	06/29/2015, 00:00:00	PH	122.9666	accep	10.7375
Europe/Sarajevo	12/03/2013, 00:00:00	BA	19.21437	accep	44.75874
Asia/Colombo	22 Apr 2020	LK	79.883	building	6.9909
America/Lima	2014/07/19	PE	-75.11028	good	-15.21194
Europe/Moscow	2012-11-20	RU	38.2739	accep	46.7055
Asia/Bangkok	08/30/2014, 00:00:00	TH	99.96667	good	8.43333
Asia/Manila	04/18/2015, 00:00:00	PH	123.99333	accep	12.97389
America/Chicago	03 Feb 2022	US	-94.74049	maintenance	32.5007
Europe/London	01 Mar 2022	GB	-0.36053	good	51.64316
Europe/Berlin	2013-10-06	DE	10.30215	average	53.94313
Africa/Lagos	08 Mar 2015	NG	8.2926	average	9.58126
Asia/Tokyo	2014/12/29	JP	135.21667	maintenance	35.06667
Europe/Moscow	2022-07-04	RU	38.2739	average	46.7055
Europe/Kiev	28 Mar 2019	UA	26.97253	good	49.65186
Europe/Berlin	07/16/2021, 00:00:00	DE	8.63333	good	52.2
Asia/Yangon	2022/07/29	MM	97.01124	maintenance	17.30858
Asia/Tokyo	2020/03/29	JP	137.23333	excellent	35.8
Europe/Kiev	07/30/2013, 00:00:00	UA	33.9162	good	51.67822
Europe/Madrid	21 Aug 2013	ES	-3.53261	excellent	40.42386
Europe/Chisinau	16 Feb 2017	MD	28.28489	accep	48.15659
Asia/Manila	17 Jun 2016	PH	123.33471	maintenance	8.56697
Asia/Kolkata	2016-04-14	IN	88.28637	maintenance	23.07492
Asia/Jakarta	11/28/2013, 00:00:00	ID	106.92667	maintenance	-6.91806
Europe/Paris	02 Sep 2020	FR	-0.45877	average	46.32313
Asia/Manila	08/27/2022, 00:00:00	PH	121.96361	good	6.95194
Asia/Tokyo	27 Sep 2013	JP	136.51667	good	35
Europe/Bratislava	2019/02/19	SK	17.8031	average	48.43174
Europe/Madrid	2018-10-10	ES	-1.325	accep	38.47917
Asia/Karachi	2016/11/11	PK	68.21204	excellent	27.55898
Europe/Sofia	2015-11-19	BG	24.71204	acceptable	41.57439
Asia/Kolkata	03 Jan 2016	IN	75.37991	excellent	25.75728
America/Caracas	02 Oct 2019	VE	-68.30472	accep	9.91861
Europe/London	2019/02/16	GB	0.47713	good	51.39323
America/New_York	2019/11/07	US	-74.28459	building	40.5576
America/Sao_Paulo	2020-01-13	BR	-48.59278	excellent	-23.7975
America/Sao_Paulo	2014-10-13	BR	-53.13722	excellent	-22.92306
Africa/Cairo	31 Dec 2012	EG	29.91582	average	31.20176
America/Recife	2020/01/21	BR	-34.88111	average	-8.05389
Europe/Istanbul	2014-03-20	TR	27.18052	good	39.12074
Asia/Shanghai	15 Mar 2018	CN	120.33063	excellent	37.65181
America/New_York	2014-03-29	US	-82.90375	accep	32.54044
Asia/Kolkata	2014-07-01	IN	78.95693	good	29.21399
Asia/Shanghai	08 Mar 2020	CN	117.55417	accep	34.86472
Europe/Berlin	2021-03-28	DE	8.96317	maintenance	48.35149
Asia/Manila	2012/11/02	PH	123.758	building	10.20898
America/New_York	2017/07/01	US	-71.06616	excellent	42.4251
Asia/Kolkata	2014-03-03	IN	78.15794	good	12.1277
America/New_York	2014-04-30	US	-78.87836	accep	35.05266
Australia/Sydney	09/04/2016, 00:00:00	AU	150.99292	accep	-33.75881
America/Chicago	2018/08/28	US	-88.81395	maintenance	35.61452
Africa/Accra	2021/11/02	GH	-1.4001	good	7.06273
Asia/Kolkata	2017/07/10	IN	78.25795	accep	9.82564
Asia/Kolkata	05 May 2022	IN	85.83636	accep	25.66795
America/Bogota	2019-06-10	CO	-73.9614	good	10.15031
Pacific/Honolulu	11/27/2017, 00:00:00	US	-156.47432	good	20.88953
Europe/Madrid	2013-12-26	ES	2.18247	accep	41.41204
Asia/Jakarta	2014/03/07	ID	101.44167	good	0.51667
Europe/Rome	03/12/2021, 00:00:00	IT	13.44275	excellent	38.07789
Europe/Andorra	18 Apr 2020	AD	1.53414	good	42.50729
Europe/Berlin	2014-03-23	DE	8.51667	accep	51.88333
Europe/London	2019/09/07	GB	-2.12139	building	52.48173
America/New_York	02 Oct 2018	US	-73.99681	excellent	40.94065
Asia/Krasnoyarsk	2022-09-13	RU	89.20083	building	55.54028
America/Jamaica	2017-06-09	JM	-76.78319	maintenance	18.00747
Europe/Amsterdam	04 Apr 2014	NL	5.51978	accep	51.44889
Asia/Karachi	2013-10-09	PK	75.06583	average	32.17629
America/New_York	2021/04/01	US	-84.20299	accep	39.43534
Africa/Tunis	2017/11/04	TN	10.58082	building	35.72917
Asia/Shanghai	2020/08/03	CN	117.55417	accep	34.86472
Europe/Istanbul	16 Jan 2013	TR	29.26639	average	37.58105
America/Los_Angeles	2017-02-12	US	-117.70755	building	33.52253
Europe/Berlin	2018/03/19	DE	13.31783	accep	52.61131
America/New_York	2013/04/26	US	-81.26367	good	28.90054
Asia/Kolkata	08/21/2021, 00:00:00	IN	85.37752	average	22.10194
Asia/Manila	2014-12-22	PH	122.8637	average	9.3337
Asia/Bangkok	2012/11/07	TH	99.95469	average	13.51825
Africa/Abidjan	2016-11-12	CI	-3.59625	building	5.27247
America/New_York	2015/05/18	US	-82.46148	excellent	28.15112
Asia/Yangon	10/08/2020, 00:00:00	MM	98.50893	building	16.68911
America/Argentina/Buenos_Aires	2015/12/31	AR	-58.70072	average	-34.74785
America/Mexico_City	2013-12-26	MX	-99.32556	average	19.32889
America/Chicago	2020/01/13	US	-102.36764	good	31.84568
Africa/Tunis	2017-07-14	TN	10.03478	excellent	37.16911
Europe/Moscow	09/04/2018, 00:00:00	RU	38.07083	excellent	54.90083
Asia/Tokyo	2016-11-17	JP	136.51667	maintenance	35
America/Chicago	2015-04-21	US	-95.30106	building	32.35126
Asia/Kolkata	05/22/2020, 00:00:00	IN	77.9129	average	25.6439
America/New_York	2016-12-10	US	-73.97069	good	40.64621
Africa/Ndjamena	2014/08/30	TD	18.69303	average	12.18441
Europe/Moscow	2015/08/30	RU	38.12408	building	53.77166
Asia/Kolkata	2014-09-18	IN	78.15794	good	12.1277
America/Sao_Paulo	2013-10-06	BR	-45.94722	maintenance	-21.42917
Asia/Tehran	08 Feb 2017	IR	48.26258	good	33.86419
Asia/Tokyo	2015/11/20	JP	136.51667	good	35
America/Argentina/Buenos_Aires	2013/12/06	AR	-59.13316	excellent	-37.32167
Asia/Tokyo	10/12/2020, 00:00:00	JP	129.96972	average	33.4425
Africa/Algiers	12/10/2012, 00:00:00	DZ	1.04945	accep	35.06544
Europe/Rome	2021/06/08	IT	17.80774	average	40.55851
Europe/Berlin	04/14/2019, 00:00:00	DE	9.20427	maintenance	48.49144
Africa/Algiers	2016/02/12	DZ	2.31889	average	35.21222
America/Manaus	24 Aug 2013	BR	-58.44417	good	-3.14306
America/Argentina/Buenos_Aires	03/25/2022, 00:00:00	AR	-59.13316	excellent	-37.32167
America/Sao_Paulo	2013/02/22	BR	-48.67028	maintenance	-28.24
America/Los_Angeles	2018/07/28	US	-116.97725	excellent	33.92946
Asia/Seoul	2019-09-23	KR	128.63083	maintenance	36.82167
Europe/Madrid	02/12/2020, 00:00:00	ES	-6.03731	excellent	37.35813
America/Porto_Velho	06/29/2017, 00:00:00	BR	-63.90389	building	-8.76194
Europe/Prague	2021-09-07	CZ	12.87117	accep	50.23271
Africa/Djibouti	04 Aug 2021	DJ	42.7125	average	11.15583
Africa/Addis_Ababa	30 Jan 2013	ET	37.55	good	6.03333
Europe/Warsaw	05 Jul 2022	PL	17.4674	excellent	50.86079
America/Chicago	17 Jul 2022	US	-87.70172	accep	41.72059
Europe/London	2013-08-14	GB	-0.36053	good	51.64316
Europe/Moscow	2018/04/05	RU	38.02486	good	55.64776
Asia/Kolkata	2022/01/14	IN	78.55757	building	17.34769
Asia/Riyadh	28 Feb 2020	SA	49.62251	building	27.0174
Europe/Moscow	2019/08/11	RU	30.28491	building	60.02427
Africa/Cairo	03/07/2013, 00:00:00	EG	31.4976	good	26.67319
America/Managua	2019/10/27	NI	-86.19903	excellent	11.84962
America/Denver	2021-06-05	US	-104.22884	excellent	32.42067
Europe/Podgorica	2015/12/20	ME	18.84	average	42.28639
America/Sao_Paulo	28 Mar 2019	BR	-42.98194	maintenance	-22.53722
Asia/Kolkata	2020/07/12	IN	75.11937	maintenance	20.88098
Europe/Moscow	2016/07/23	RU	38.07083	maintenance	54.90083
America/Los_Angeles	2017-08-23	US	-118.03917	maintenance	33.95015
Europe/Kiev	2021-11-14	UA	31.33078	excellent	47.56494
America/New_York	2013/02/11	US	-78.87836	good	35.05266
Europe/Warsaw	01/16/2013, 00:00:00	PL	19.27498	maintenance	50.20528
Europe/Berlin	2016-12-15	DE	7.2278	accep	50.64336
Europe/Volgograd	2013-11-12	RU	43.2379	accep	50.06
America/Chicago	21 Oct 2019	US	-90.10674	maintenance	29.84576
America/Sao_Paulo	2016-11-02	BR	-51.87389	building	-23.44361
Asia/Bangkok	2014/03/05	TH	103.65309	maintenance	16.0567
Africa/Maputo	12/24/2018, 00:00:00	MZ	35.34722	good	-23.85972
Europe/Rome	2017-08-04	IT	11.412	accep	45.50369
Europe/Kiev	11/18/2014, 00:00:00	UA	30.96755	accep	49.07866
Africa/Dar_es_Salaam	18 Oct 2016	TZ	38.01667	maintenance	-5.41667
Europe/Vilnius	2021/11/01	LT	24.04142	accep	54.39635
Africa/Nairobi	2017-10-06	KE	34.11169	accep	0.46005
Europe/Moscow	26 Apr 2021	RU	38.2739	excellent	46.7055
America/Guatemala	09 Feb 2013	GT	-91.11667	average	14.93333
Europe/London	2020/09/19	GB	-0.32247	excellent	50.82882
Africa/Casablanca	2018/06/03	MA	-6.00137	average	33.42585
Europe/Sofia	07/21/2015, 00:00:00	BG	24.71204	average	41.57439
America/Menominee	25 Feb 2014	US	-88.64235	excellent	46.09273
Africa/Algiers	14 Jun 2017	DZ	2.31889	accep	35.21222
Europe/Berlin	2020/05/25	DE	11.37703	maintenance	48.06919
Europe/London	03/24/2020, 00:00:00	GB	0.30367	good	51.38673
Asia/Tokyo	09/10/2019, 00:00:00	JP	137.5	average	34.9
Africa/Lagos	2015/12/15	NG	3.64633	accep	6.8485
Europe/Berlin	2018/06/01	DE	10.30215	accep	53.94313
Europe/London	2019/10/09	GB	-0.2	excellent	51.65
America/Lima	2021-08-14	PE	-69.08333	excellent	-16.25
America/Indiana/Indianapolis	2019-02-03	US	-86.11084	maintenance	41.75338
America/Argentina/Tucuman	2015/11/30	AR	-65.61427	excellent	-27.4338
America/Santiago	2018-05-04	CL	-71.19901	average	-30.60106
Africa/Algiers	2020-03-26	DZ	3.50309	maintenance	34.15429
Africa/Lagos	2014-05-10	NG	3.39467	excellent	6.45407
Asia/Ho_Chi_Minh	2018/03/05	VN	105.75635	average	10.29085
America/Puerto_Rico	03/29/2018, 00:00:00	PR	-66.8499	maintenance	18.03496
America/Lima	01/29/2014, 00:00:00	PE	-75.11028	excellent	-15.21194
Africa/Dar_es_Salaam	2013-06-19	TZ	37.00438	excellent	-7.60361
Europe/Rome	04/12/2018, 00:00:00	IT	15.07041	building	37.49223
America/Chicago	01/30/2019, 00:00:00	US	-88.31476	accep	36.61033
Africa/Addis_Ababa	2014/09/11	ET	37.55	accep	6.03333
Europe/Rome	2020/02/29	IT	7.60872	maintenance	43.78956
Asia/Irkutsk	2018/11/27	RU	107.60627	excellent	51.82721
Africa/Lagos	2022/01/18	NG	4.18333	excellent	7.6
Africa/Tripoli	2017/02/22	LY	20.22625	average	30.75545
Asia/Kolkata	2015-05-14	IN	76.03889	accep	18.18158
Pacific/Auckland	10 Aug 2020	NZ	171.25364	good	-44.39672
Asia/Shanghai	14 Dec 2019	CN	130.57211	maintenance	45.75279
America/New_York	01/08/2018, 00:00:00	US	-82.07842	building	26.91756
America/Santiago	2014-09-25	CL	-71.19901	accep	-30.60106
America/Argentina/Cordoba	12/16/2020, 00:00:00	AR	-61.4867	good	-31.25033
America/New_York	2017/03/01	US	-74.38987	accep	40.65538
Europe/Paris	06/14/2017, 00:00:00	FR	2.44892	average	48.98693
America/Chicago	2022-02-18	US	-89.64066	good	40.56754
Asia/Jakarta	10/22/2012, 00:00:00	ID	103.61667	accep	-1.6
America/Denver	2018/09/13	US	-105.11221	good	39.57582
Europe/Warsaw	2015/08/08	PL	15.00835	accep	51.14942
Europe/London	2013/12/03	GB	-1.99421	excellent	51.35084
Asia/Aqtobe	2018-10-12	KZ	59.6	maintenance	47.83333
America/New_York	01/12/2022, 00:00:00	US	-82.32483	excellent	29.65163
Asia/Shanghai	2015/04/27	CN	113.82465	building	23.29549
Asia/Jakarta	2022-05-30	ID	112.23109	average	-7.57897
Europe/Berlin	09/19/2014, 00:00:00	DE	10.18527	accep	47.98372
Europe/Berlin	2017-02-02	DE	6.8625	accep	51.47805
Europe/Moscow	02 Mar 2020	RU	32.86389	excellent	53.95278
Europe/Paris	22 Jul 2021	FR	2.25	good	50.75
Europe/Bucharest	01/19/2019, 00:00:00	RO	26.01649	excellent	44.43579
America/New_York	2019/05/05	US	-73.78458	good	41.0051
America/Chicago	2015-05-04	US	-93.12577	accep	44.73941
Europe/Istanbul	05/02/2018, 00:00:00	TR	29.26639	good	37.58105
America/Toronto	2018/10/24	CA	-73.86586	accep	45.43341
Asia/Kolkata	2020/06/16	IN	74.85849	average	31.28092
America/Bogota	08/02/2013, 00:00:00	CO	-73.26022	accep	6.46838
Europe/Brussels	2013-06-06	BE	4.07601	excellent	50.88506
Asia/Kolkata	11 Aug 2014	IN	74.85849	good	31.28092
Australia/Sydney	2015/10/10	AU	151.07986	good	-33.88096
Europe/Paris	15 Dec 2015	FR	2.12213	average	48.8222
America/New_York	05/11/2020, 00:00:00	US	-73.97069	excellent	40.64621
America/New_York	18 Aug 2020	US	-76.51552	building	39.32011
Asia/Karachi	2014-06-21	PK	68.88871	average	25.95533
Asia/Karachi	2019/07/09	PK	71.67164	accep	30.29184
Europe/Rome	10/26/2018, 00:00:00	IT	13.57661	excellent	37.31065
America/Sao_Paulo	2021-11-29	BR	-41.25528	building	-19.32556
Asia/Tokyo	05/21/2021, 00:00:00	JP	141.95	building	39.46667
Europe/Kiev	2014-11-11	UA	33.34864	good	46.75451
Asia/Kolkata	2014/02/21	IN	86.79271	good	25.92127
America/New_York	2020/08/17	US	-71.29144	building	41.54566
Europe/Rome	2018/03/22	IT	12.38878	average	43.1122
America/Los_Angeles	12/27/2018, 00:00:00	US	-120.45794	average	34.63915
Europe/Berlin	2015-06-17	DE	8.77155	accep	50.23019
Europe/London	08/23/2014, 00:00:00	GB	0.47713	good	51.39323
Europe/Moscow	04/23/2022, 00:00:00	RU	30.38167	accep	59.80917
Asia/Kolkata	2020/08/29	IN	86.59611	good	25.87498
Europe/Berlin	2015/02/03	DE	9.02596	accep	48.21644
America/Chicago	20 Oct 2016	US	-93.263	good	45.0408
America/Managua	2016/02/16	NI	-86.58208	maintenance	13.48082
Europe/Paris	2015/05/18	FR	2.61667	good	48.98333
America/Argentina/Buenos_Aires	31 Oct 2019	AR	-59.13316	maintenance	-37.32167
Asia/Almaty	2015-02-12	KZ	84.87144	maintenance	47.46657
Asia/Tehran	30 Apr 2021	IR	48.26258	accep	33.86419
Asia/Shanghai	09 Nov 2017	CN	122.05228	average	37.19723
Asia/Tokyo	07/24/2013, 00:00:00	JP	139.55722	excellent	36
America/Denver	06/03/2016, 00:00:00	US	-104.22884	good	32.42067
Europe/London	2018/04/24	GB	0.30367	maintenance	51.38673
America/New_York	05/09/2021, 00:00:00	US	-71.29144	building	41.54566
Europe/Paris	2017-09-08	FR	2.44892	excellent	48.98693
Europe/Brussels	10/28/2021, 00:00:00	BE	3.20639	maintenance	50.74497
America/Havana	2022-02-10	CU	-82.4017	average	23.0072
America/Los_Angeles	2014-02-11	US	-120.93549	average	37.73604
America/Chicago	23 Jun 2022	US	-95.36969	excellent	35.74788
Asia/Bangkok	04/21/2013, 00:00:00	TH	102.42587	average	15.58552
America/Bogota	11/27/2016, 00:00:00	CO	-77.03116	accep	3.8801
Europe/Malta	2018-12-20	MT	14.51472	maintenance	35.89972
America/Los_Angeles	2017/01/07	US	-119.0376	good	34.21639
Europe/Saratov	01 Nov 2017	RU	46.04833	average	51.40944
America/Jamaica	07/19/2020, 00:00:00	JM	-76.78319	good	18.00747
America/New_York	21 Apr 2015	US	-75.23266	accep	43.1009
Asia/Kolkata	2021-12-02	IN	79.41727	average	12.25282
Asia/Kolkata	2022-08-20	IN	73.85535	average	18.51957
America/New_York	2020-03-24	US	-75.60804	accep	39.96097
Asia/Manila	02 Apr 2015	PH	120.56528	maitennce	14.66
America/New_York	11/01/2015, 00:00:00	US	-71.06616	accep	42.4251
Africa/Lagos	22 Aug 2021	NG	12.19458	good	10.61285
America/New_York	2017/09/17	US	-73.47429	average	40.68066
Asia/Kuala_Lumpur	17 Nov 2013	MY	103.81667	good	1.6
America/Toronto	2022/02/01	CA	-73.75335	accep	45.4473
America/Chicago	01 May 2014	US	-88.81395	good	35.61452
America/Argentina/Buenos_Aires	2017/01/05	AR	-60.47389	maintenance	-34.64167
Europe/Madrid	03/31/2015, 00:00:00	ES	2.35739	good	41.63976
America/Los_Angeles	2014/04/17	US	-119.0376	maintenance	34.21639
Europe/Brussels	12/29/2017, 00:00:00	BE	4.52529	average	50.71229
Europe/Vilnius	08/04/2013, 00:00:00	LT	24.75	average	55.25
America/Chicago	2015/11/18	US	-86.78777	excellent	33.44872
Europe/Kiev	2013-09-09	UA	26.97253	good	49.65186
Asia/Kuala_Lumpur	2012-11-13	MY	103.6032	accep	1.6561
Asia/Kolkata	27 Apr 2013	IN	88.28637	maintenance	23.07492
America/Toronto	2022/03/09	CA	-73.75335	average	45.4473
America/Havana	27 Mar 2022	CU	-82.00919	average	23.04419
America/New_York	05/18/2017, 00:00:00	US	-75.60804	accep	39.96097
Europe/Rome	2013-02-01	IT	12.84052	maintenance	45.78071
Asia/Jakarta	03/16/2021, 00:00:00	ID	103.61667	average	-1.6
America/Chicago	19 May 2014	US	-94.41551	average	39.09112
Asia/Tashkent	2017-03-19	UZ	72.34424	good	40.78206
America/New_York	2017-07-16	US	-81.23621	average	33.98154
America/New_York	06/17/2014, 00:00:00	US	-80.22588	good	26.2173
Europe/Moscow	2017/07/06	RU	38.07083	average	54.90083
Europe/Madrid	2021/11/23	ES	-3.53261	excellent	40.42386
Asia/Kolkata	15 Nov 2019	IN	85.83334	excellent	20.88197
Europe/Paris	25 Aug 2015	FR	2.2469	good	48.90472
America/Chicago	03/08/2022, 00:00:00	US	-86.78777	good	33.44872
America/New_York	05/30/2019, 00:00:00	US	-77.02303	maintenance	38.70734
Europe/Berlin	23 Sep 2014	DE	8.4493	accep	50.09019
Asia/Almaty	01/20/2017, 00:00:00	KZ	77.0202	average	43.41949
America/Toronto	13 Sep 2013	CA	-80.38297	building	42.8334
America/Mazatlan	23 Jun 2017	MX	-105.36369	excellent	22.49396
Asia/Manila	03/09/2020, 00:00:00	PH	124.95278	accep	6.33444
America/Chicago	2022-09-18	US	-91.06177	excellent	33.41012
Asia/Kolkata	12/01/2015, 00:00:00	IN	77.23826	accep	11.50526
Europe/Rome	2020-02-28	IT	11.04979	average	44.59445
Europe/Belgrade	2014/11/25	RS	22.53083	accep	44.22639
America/New_York	01/30/2019, 00:00:00	US	-70.92866	accep	42.52787
Europe/London	03/29/2015, 00:00:00	GB	-1.5443	accep	50.75767
Asia/Kolkata	2016-12-10	IN	74.4818	accep	30.21121
Africa/Lagos	30 Mar 2016	NG	4.52514	excellent	12.74482
Asia/Tokyo	06/05/2014, 00:00:00	JP	139.07204	average	36.24624
America/Chicago	2020/03/04	US	-97.03285	maintenance	47.92526
Asia/Dhaka	23 Jul 2020	BD	91.84128	accep	22.83957
Asia/Tokyo	2021/03/15	JP	140.11667	good	37.56667
Africa/Accra	2012/11/09	GH	-2.31938	average	6.46346
Africa/Lagos	02/07/2022, 00:00:00	NG	6.26764	excellent	4.92675
America/Los_Angeles	02 Nov 2021	US	-122.40433	excellent	37.71715
Europe/Dublin	2019/12/06	IE	-7.95	building	53.43333
America/Chicago	08 Nov 2020	US	-87.66561	acceptable	41.8542
Australia/Brisbane	2015/07/14	AU	153.10236	good	-27.50578
Europe/Brussels	05 Nov 2013	BE	4.25633	excellent	51.21187
Asia/Karachi	09/09/2013, 00:00:00	PK	70.91106	average	29.38242
Asia/Tokyo	01/14/2019, 00:00:00	JP	138.31667	accep	36.65
America/New_York	2020-12-03	US	-73.89875	good	40.93121
Europe/Berlin	2019-08-13	DE	9.72749	accep	48.28259
Asia/Tokyo	2014/10/24	JP	136.61667	excellent	36.53333
America/Chicago	2018-07-10	US	-97.03285	accep	47.92526
Europe/Sarajevo	2014-05-20	BA	19.21437	average	44.75874
Asia/Kolkata	04 Nov 2017	IN	73.85535	maintenance	18.51957
America/Toronto	2013/12/25	CA	-79.2663	maintenance	43.86682
Asia/Kolkata	05/26/2018, 00:00:00	IN	73.66633	accep	25.92493
Asia/Tokyo	17 Sep 2014	JP	138.31667	average	36.65
America/Argentina/Cordoba	2016/07/23	AR	-61.4867	accep	-31.25033
Asia/Yekaterinburg	2021/01/14	RU	57.3552	accep	51.4781
Asia/Kolkata	08 Nov 2018	IN	71.57737	good	21.53889
America/Argentina/Buenos_Aires	2013-01-31	AR	-58.70072	maintenance	-34.74785
America/Argentina/Buenos_Aires	03 Nov 2017	AR	-59.13316	average	-37.32167
America/Los_Angeles	14 Apr 2021	US	-117.71978	average	34.09668
Asia/Bishkek	2022-03-04	KG	73	average	40.93333
Africa/Freetown	09 Nov 2015	SL	-13.2356	average	8.48714
Europe/Moscow	01/23/2020, 00:00:00	RU	33.2525	accep	57.97472
Europe/Rome	07/07/2020, 00:00:00	IT	8.62118	building	45.44694
Asia/Bangkok	2020-04-02	TH	102.42587	excellent	15.58552
Africa/Lagos	05/01/2017, 00:00:00	NG	6.26764	good	4.92675
Asia/Dhaka	2020/04/05	BD	89.11943	maintenance	23.9028
Asia/Colombo	09/07/2020, 00:00:00	LK	79.87116	good	6.84019
Europe/Belgrade	04/20/2020, 00:00:00	RS	22.53083	average	44.22639
Asia/Jakarta	2022-09-20	ID	112.23109	accep	-7.57897
Europe/Rome	04/25/2015, 00:00:00	IT	14.43865	maintenance	40.87329
Asia/Kolkata	2019-01-05	IN	85.37752	good	22.10194
America/New_York	2021-01-19	US	-82.35176	average	27.71809
Europe/Minsk	17 Apr 2019	BY	25.8191	good	53.5942
Asia/Shanghai	03 Nov 2012	CN	117.33333	accep	34.85
America/Chicago	2019/11/03	US	-93.71133	excellent	41.57721
Asia/Yekaterinburg	07/13/2013, 00:00:00	RU	56.36091	excellent	51.78771
America/Chicago	2014-10-22	US	-93.71133	accep	41.57721
Europe/Berlin	2013-10-27	DE	9.17702	excellent	48.78232
Europe/Berlin	05/08/2014, 00:00:00	DE	7.2278	building	50.64336
Europe/Rome	2018-02-21	IT	9.40531	good	45.53069
America/Havana	04/14/2018, 00:00:00	CU	-77.43532	accep	20.14298
Asia/Seoul	2013-05-28	KR	128.9889	good	37.1759
Asia/Karachi	2020/11/06	PK	70.96699	excellent	30.46907
Africa/Lagos	21 Aug 2021	NG	4.74161	excellent	7.62789
Europe/London	2022/01/05	GB	-1.29243	accep	53.49389
America/Los_Angeles	02/23/2019, 00:00:00	US	-120.45794	average	34.63915
America/New_York	03/15/2014, 00:00:00	US	-73.9625	excellent	40.81
Asia/Manila	09/03/2016, 00:00:00	PH	120.56528	building	14.66
Africa/Algiers	06/25/2013, 00:00:00	DZ	3.55665	average	36.72544
Africa/Tripoli	2021/09/17	LY	20.22625	accep	30.75545
America/Chicago	2018/02/02	US	-93.12577	average	44.73941
America/Bogota	04/23/2015, 00:00:00	CO	-75.69947	good	8.79577
America/Phoenix	01/11/2022, 00:00:00	US	-111.78903	accep	33.35283
Africa/Porto-Novo	11/23/2016, 00:00:00	BJ	2.59753	average	8.88649
Europe/Lisbon	2016-04-27	PT	-8.33147	good	41.20485
Europe/Minsk	2018-10-02	BY	30.2049	building	55.1904
Europe/Berlin	10 Aug 2022	DE	9.72749	excellent	48.28259
America/New_York	15 Aug 2022	US	-73.89125	accep	40.67705
Asia/Kolkata	2019-05-09	IN	85.37752	good	22.10194
Europe/Madrid	01/11/2018, 00:00:00	ES	-8.2194	excellent	43.48961
America/Puerto_Rico	11 Jul 2018	PR	-66.8499	average	18.03496
America/Toronto	2013-01-06	CA	-73.86586	good	45.43341
Europe/Chisinau	12/18/2013, 00:00:00	MD	28.28489	building	48.15659
Asia/Tokyo	2016/10/01	JP	139.55722	accep	36
Asia/Tokyo	2014-01-27	JP	135.31667	average	34.25
Asia/Kolkata	2017-01-10	IN	75.37991	good	25.75728
America/New_York	2020-07-01	US	-74.28459	excellent	40.5576
America/Puerto_Rico	07/06/2013, 00:00:00	PR	-67.15407	excellent	18.42745
Asia/Kolkata	09 Aug 2017	IN	83.97573	good	21.46527
Asia/Kolkata	2020/05/04	IN	86.59509	excellent	26.11527
Asia/Shanghai	28 Oct 2017	CN	111.73861	maintenance	35.20889
Europe/Saratov	17 Mar 2015	RU	46.04833	accep	51.40944
Europe/Berlin	2015/05/23	DE	8.61839	good	49.68369
America/Montevideo	2014-04-22	UY	-56.52361	average	-33.38056
Europe/Paris	2018/09/20	FR	1.00288	good	49.28669
Europe/Rome	03/05/2014, 00:00:00	IT	16.50104	maintenance	41.24264
Europe/London	2019-11-05	GB	0.30367	accep	51.38673
America/Bahia	04 Jun 2018	BR	-39.25	good	-12.91667
Asia/Shanghai	2015/08/15	CN	111.73861	accep	35.20889
America/New_York	04/21/2015, 00:00:00	US	-84.50855	good	39.08367
Asia/Yekaterinburg	2018/08/06	RU	65.27258	building	58.04254
Australia/Sydney	2019/04/26	AU	150.60036	good	-34.88422
America/New_York	07 Jun 2018	US	-72.86843	building	41.27621
America/Belem	16 Apr 2013	BR	-48.52333	accep	-0.71667
America/New_York	2021/08/30	US	-77.02303	excellent	38.70734
America/New_York	2021/12/18	US	-73.97069	building	40.64621
Asia/Karachi	10/17/2016, 00:00:00	PK	73.38333	accep	31.71667
Europe/Brussels	08 Jan 2021	BE	5.37429	good	51.03427
America/New_York	2019-09-11	US	-77.4286	accep	39.00622
Asia/Manila	2019/11/09	PH	124.3697	average	9.6531
Asia/Shanghai	19 Sep 2020	CN	120.33063	accep	37.65181
Australia/Sydney	2017/01/08	AU	146.05093	good	-34.28853
Europe/London	13 Aug 2015	GB	-4.21376	excellent	55.82885
America/Denver	2016-06-12	US	-105.11221	building	39.57582
Europe/Moscow	10/29/2014, 00:00:00	RU	37.92792	average	53.93361
Asia/Kolkata	2013-06-03	IN	76.0586	excellent	16.06213
Asia/Bangkok	2014/12/31	TH	99.89166	accep	15.46063
Europe/Madrid	2016/09/21	ES	-4.10734	average	38.68712
Australia/Perth	11/03/2020, 00:00:00	AU	115.8614	excellent	-31.95224
Europe/Moscow	2022-08-27	RU	38.94324	good	44.98901
Asia/Seoul	24 May 2016	KR	126.665	building	36.6009
Asia/Kolkata	2015/04/05	IN	76.35484	building	10.10649
Europe/Rome	04 Aug 2014	IT	9.32241	good	44.31771
America/Chicago	2017/02/13	US	-87.45476	average	41.47892
Asia/Karachi	03/01/2015, 00:00:00	PK	72.54064	average	31.82539
Asia/Jakarta	2017-07-11	ID	104.09701	good	-1.26424
America/Chicago	2014-05-16	US	-87.66561	accep	41.8542
Europe/Moscow	2022-09-05	RU	43.83992	good	55.39485
Asia/Shanghai	2017/10/19	CN	130.57211	average	45.75279
Asia/Kolkata	10/18/2018, 00:00:00	IN	84.13864	accep	22.88783
Australia/Sydney	19 Oct 2020	AU	150.60036	average	-34.88422
Asia/Bangkok	2022/08/19	TH	99.89166	average	15.46063
Europe/Berlin	02/20/2017, 00:00:00	DE	9.22796	maitennce	48.46458
America/New_York	08/06/2018, 00:00:00	US	-75.60804	good	39.96097
Asia/Kolkata	2017/03/07	IN	76.03889	good	18.18158
Europe/Berlin	2016-02-25	DE	6.51352	average	51.19139
Asia/Kolkata	11/24/2016, 00:00:00	IN	77.40858	building	24.05979
Asia/Kuala_Lumpur	08/15/2016, 00:00:00	MY	101.02083	accep	4.02219
Asia/Yerevan	2017-11-22	AM	44.7662	accep	40.49748
Europe/Madrid	2020-02-15	ES	-6.03731	maintenance	37.35813
America/Indiana/Indianapolis	12 Aug 2017	US	-86.11084	good	41.75338
Asia/Vladivostok	2013-10-16	RU	133.42825	excellent	45.47885
America/Guatemala	2016/04/08	GT	-91.11667	average	14.93333
America/Port-au-Prince	21 Jan 2015	HT	-72.22625	good	18.57677
America/Santiago	05/18/2019, 00:00:00	CL	-71.19901	excellent	-30.60106
Europe/Brussels	2017/06/27	BE	4.25633	accep	51.21187
America/Santiago	2019/05/31	CL	-71.19901	accep	-30.60106
Asia/Karachi	2019-03-20	PK	70.96699	average	30.46907
Europe/Paris	05/07/2021, 00:00:00	FR	3.87723	average	43.61092
America/Caracas	2017-03-08	VE	-62.64102	excellent	8.35122
Asia/Jakarta	2013-01-11	ID	104.09701	excellent	-1.26424
America/Los_Angeles	06 Oct 2018	US	-120.45794	good	34.63915
America/New_York	22 Nov 2018	US	-81.56929	building	41.55838
Africa/Brazzaville	2021-07-31	CG	15.28318	average	-4.26613
Europe/Berlin	20 Mar 2016	DE	8.64409	accep	48.07667
America/Los_Angeles	07/07/2021, 00:00:00	US	-117.54866	accep	33.93113
Europe/Berlin	2021-05-09	DE	10.5511	accep	52.47774
Asia/Jakarta	02/11/2018, 00:00:00	ID	106.85417	maintenance	-6.48167
America/Caracas	2021/08/04	VE	-62.64102	building	8.35122
America/Mexico_City	2015/11/22	MX	-98.1664	excellent	19.32932
Asia/Manila	2018/05/27	PH	124.84472	good	10.13361
America/Sao_Paulo	2020-05-19	BR	-41.88778	accep	-21.205
Europe/Berlin	2013/09/02	DE	11.18709	good	48.73218
Europe/Moscow	05/23/2014, 00:00:00	RU	34.34691	average	61.78491
Asia/Ho_Chi_Minh	11 Jun 2020	VN	105.75635	accep	10.29085
America/Port_of_Spain	2021/04/13	TT	-61.51889	good	10.66668
America/Los_Angeles	2017/06/17	US	-120.43572	excellent	34.95303
Asia/Yekaterinburg	18 Sep 2020	RU	59.4839	building	58.7002
America/New_York	2019/04/18	US	-80.22588	good	26.2173
Asia/Jakarta	2020/03/25	ID	99.1625	accep	3.3285
Asia/Kolkata	22 Oct 2019	IN	79.82979	good	11.93381
America/Havana	05/31/2013, 00:00:00	CU	-82.00919	average	23.04419
Asia/Kuching	15 Oct 2013	MY	116.10146	accep	5.90702
Asia/Kolkata	18 Oct 2015	IN	73.66633	excellent	25.92493
Europe/Madrid	11 Apr 2015	ES	-6.03731	good	37.35813
Europe/Berlin	2021/01/08	DE	10.18527	building	47.98372
Asia/Tokyo	17 Nov 2020	JP	139.07204	average	36.24624
Europe/Moscow	2019-09-19	RU	37.99117	average	44.92934
America/Chicago	2016/09/01	US	-89.64066	excellent	40.56754
Asia/Manila	07 Mar 2018	PH	120.97844	maintenance	14.8361
Asia/Shanghai	09 Dec 2020	CN	122.05228	good	37.19723
Europe/Rome	09/16/2013, 00:00:00	IT	14.34085	average	40.87363
Africa/Tunis	03/17/2018, 00:00:00	TN	10.03478	average	37.16911
America/New_York	2022-02-25	US	-72.86843	excellent	41.27621
America/Recife	09/03/2021, 00:00:00	BR	-35.03333	building	-8.28333
Asia/Kolkata	08/09/2017, 00:00:00	IN	82.85749	excellent	17.54907
Asia/Kolkata	2015-09-26	IN	74.80555	average	34.08565
Asia/Yekaterinburg	2020/07/23	RU	60.8019	average	56.9083
Africa/Algiers	2014-01-22	DZ	3.50309	excellent	34.15429
Europe/Paris	2014/04/01	FR	4.8951	good	44.92801
Asia/Karachi	05 Dec 2015	PK	73.97117	good	31.96258
Africa/Kigali	01 Sep 2020	RW	30.4347	accep	-1.9487
Europe/Berlin	05 Oct 2015	DE	8.4493	excellent	50.09019
America/Lima	2016/10/27	PE	-76.70944	good	-11.94306
Europe/Vilnius	2022/02/07	LT	24.04142	accep	54.39635
Asia/Tokyo	2021/11/21	JP	136.13108	maintenance	34.75856
America/New_York	15 Jul 2013	US	-73.78458	good	41.0051
Europe/Zagreb	2015-05-29	HR	16.43915	maintenance	43.50891
Europe/Moscow	04/14/2019, 00:00:00	RU	43.91385	good	54.03876
America/Lima	17 Feb 2021	PE	-75.11028	building	-15.21194
Asia/Tokyo	2016-05-14	JP	142.45778	average	44.35056
Europe/Brussels	11 Jul 2015	BE	5.37429	excellent	51.03427
America/Santiago	10/25/2014, 00:00:00	CL	-71.23106	good	-32.45242
America/Mexico_City	2018/07/15	MX	-100.88023	excellent	20.21322
Europe/Brussels	05 Oct 2021	BE	4.82313	good	51.24197
Asia/Kolkata	2014/01/18	IN	84.63445	average	24.81757
Europe/Zaporozhye	24 Oct 2020	UA	36.25361	average	47.48444
America/New_York	2012/12/14	US	-73.78458	maintenance	41.0051
America/Argentina/Buenos_Aires	05/04/2015, 00:00:00	AR	-59.13316	average	-37.32167
America/Los_Angeles	2021/07/23	US	-121.74052	building	38.54491
America/Los_Angeles	2018-03-12	US	-117.29198	accep	33.03699
America/New_York	2020-02-16	US	-73.49484	excellent	41.14676
America/New_York	2013-01-05	US	-83.55521	excellent	41.66394
Asia/Manila	23 Jun 2020	PH	123.89071	accep	10.31672
Asia/Shanghai	2022/03/28	CN	105.89333	good	34.56861
Asia/Yekaterinburg	2022-08-06	RU	65.27258	average	58.04254
Asia/Hebron	2013/10/21	PS	35.23388	average	31.78336
Africa/Khartoum	22 Dec 2014	SD	34.3869	good	11.8659
America/New_York	02 May 2021	US	-71.06616	good	42.4251
Asia/Manila	2020-06-05	PH	122.8637	good	9.3337
Asia/Tbilisi	2014/07/17	GE	41.77921	average	41.82143
America/Mexico_City	2014-09-12	MX	-100.88023	average	20.21322
Asia/Bishkek	11/23/2014, 00:00:00	KG	73	maintenance	40.93333
Asia/Shanghai	2016-05-07	CN	117.27583	accep	35.64889
Africa/Algiers	2021-01-10	DZ	2.95924	good	36.76775
Africa/Monrovia	2016-03-22	LR	-8.53778	excellent	7.57944
Europe/Lisbon	2021-07-30	PT	-9.24671	accep	38.72706
America/Guayaquil	07/13/2013, 00:00:00	EC	-79.59415	accep	-2.13404
Africa/Kampala	2016/04/05	UG	32.88667	good	3.27833
Africa/Freetown	23 Dec 2013	SL	-13.2356	good	8.48714
Asia/Tokyo	2015-06-07	JP	139.55722	accep	36
Europe/Skopje	2021-06-09	MK	21.32778	excellent	42
Europe/Berlin	2020-07-09	DE	9.22796	excellent	48.46458
America/New_York	2018/05/10	US	-71.05977	average	42.35843
Asia/Seoul	08 Apr 2013	KR	127.08472	accep	36.20389
Europe/Moscow	2015-04-06	RU	47.1192	maitennce	42.819
Asia/Kuching	04/25/2019, 00:00:00	MY	116.10146	excellent	5.90702
Europe/Amsterdam	2022-06-16	NL	5.23333	accep	52.09
Asia/Manila	2022-07-16	PH	124.84472	excellent	10.13361
America/New_York	05/08/2021, 00:00:00	US	-71.8023	accep	42.58342
Europe/Berlin	2017/06/24	DE	6.74549	average	49.5099
Africa/Monrovia	29 Oct 2013	LR	-8.53778	building	7.57944
Africa/Brazzaville	2016/02/09	CG	15.28318	average	-4.26613
America/Chicago	22 Feb 2021	US	-88.81395	excellent	35.61452
Africa/Lubumbashi	01 Sep 2019	CD	24.99798	accep	-8.73508
America/Edmonton	04/11/2013, 00:00:00	CA	-113.3187	accep	53.51684
Asia/Kolkata	2016/06/03	IN	85.83636	good	25.66795
Europe/Amsterdam	2016-10-13	NL	5.58472	accep	52.14
Europe/Berlin	06/28/2021, 00:00:00	DE	6.8625	accep	51.47805
America/Chicago	2013-02-15	US	-96.39774	building	30.16688
Europe/London	31 Aug 2019	GB	1.15597	average	51.78967
America/Chicago	11/17/2020, 00:00:00	US	-95.36969	average	35.74788
America/Argentina/Buenos_Aires	08 Sep 2013	AR	-58.38341	average	-34.64966
Asia/Dushanbe	26 Sep 2015	TJ	69.01354	accep	38.55632
Europe/Moscow	2015/03/07	RU	38.94324	maintenance	44.98901
America/Belem	2015-11-22	BR	-48.52333	building	-0.71667
Europe/Rome	07/08/2019, 00:00:00	IT	9.32241	excellent	44.31771
Europe/Vienna	02 May 2016	AT	16.4	maintenance	48.25
Europe/Paris	16 Jun 2021	FR	-4.1	good	48
America/Chicago	06 Apr 2018	US	-95.63079	average	31.76212
America/New_York	2016/07/26	US	-83.55521	good	41.66394
Europe/Moscow	23 Jul 2021	RU	38.2739	accep	46.7055
Asia/Tehran	07/02/2021, 00:00:00	IR	48.26258	average	33.86419
Europe/Brussels	03/24/2022, 00:00:00	BE	5.37429	average	51.03427
Africa/Lagos	07/25/2021, 00:00:00	NG	5.06258	excellent	7.50251
Europe/Berlin	24 Nov 2016	DE	10.98461	excellent	48.35693
Europe/Istanbul	2014/07/13	TR	34.02537	good	38.37255
Asia/Kolkata	2014-10-14	IN	79.41727	average	12.25282
Asia/Tokyo	2021-05-15	JP	139.55028	excellent	35.30889
Europe/London	11/04/2019, 00:00:00	GB	-1.29243	accep	53.49389
America/New_York	15 Oct 2013	US	-76.43941	excellent	39.33427
Asia/Bangkok	2020/06/02	TH	100.04427	good	13.8196
Africa/Djibouti	2013/09/21	DJ	42.7125	good	11.15583
Europe/Brussels	2020-07-25	BE	4.52529	accep	50.71229
America/Caracas	2016-03-23	VE	-68.30472	excellent	9.91861
Europe/Rome	2015/07/13	IT	14.39024	accep	42.22718
Asia/Yangon	01/26/2018, 00:00:00	MM	97.01124	excellent	17.30858
Europe/Berlin	12/31/2021, 00:00:00	DE	9.15214	good	49.97704
Asia/Jakarta	31 Dec 2021	ID	112.01667	accep	-7.81667
America/New_York	2015/10/19	US	-73.75513	excellent	40.60538
Asia/Manila	2019-12-06	PH	122.8637	building	9.3337
Europe/Berlin	07/05/2019, 00:00:00	DE	8.96317	excellent	48.35149
Asia/Ho_Chi_Minh	02/11/2013, 00:00:00	VN	105.75635	excellent	10.29085
Europe/Berlin	26 Apr 2014	DE	12.1369	average	51.04962
America/New_York	2019/03/15	US	-75.64963	building	40.24537
Asia/Aden	2021/07/23	YE	46.83187	building	14.53767
Europe/Berlin	08 Nov 2017	DE	8.4493	maintenance	50.09019
Asia/Shanghai	08/01/2018, 00:00:00	CN	122.74754	excellent	40.85158
America/New_York	2014-05-03	US	-71.8023	building	42.58342
America/Chicago	04 May 2015	US	-91.77127	building	37.95143
Europe/Brussels	2013/03/22	BE	4.82313	accep	51.24197
Asia/Jakarta	06 Jul 2022	ID	104.09701	excellent	-1.26424
Asia/Kolkata	2018-08-11	IN	86.59611	average	25.87498
Europe/Rome	11/22/2020, 00:00:00	IT	12.70038	average	45.9836
Asia/Seoul	02/03/2018, 00:00:00	KR	128.63083	accep	36.82167
America/Los_Angeles	06/25/2016, 00:00:00	US	-118.03917	accep	33.95015
Europe/London	2020-09-15	GB	1.26738	accep	51.84819
Asia/Shanghai	2019/11/02	CN	112.9	building	27.85
Asia/Tokyo	2021-05-29	JP	141.95	excellent	39.46667
America/Chicago	15 Nov 2020	US	-88.27205	building	44.27804
Africa/Dar_es_Salaam	2019-12-12	TZ	37.00438	average	-7.60361
America/Chicago	19 Sep 2014	US	-97.92977	good	38.06084
America/Chicago	02 Nov 2012	US	-93.12577	good	44.73941
America/Managua	2014-10-13	NI	-86.58208	average	13.48082
Asia/Kolkata	08/09/2014, 00:00:00	IN	88.1453	maintenance	22.4711
Asia/Shanghai	11/30/2014, 00:00:00	CN	117.55417	building	34.86472
Asia/Tokyo	2013-08-17	JP	137.23333	building	35.8
Europe/Madrid	2012/12/07	ES	-0.76773	building	38.38479
America/New_York	09 Aug 2020	US	-80.31727	accep	25.67927
Europe/Rome	07 Jun 2016	IT	17.80774	accep	40.55851
Asia/Bangkok	2014/05/06	TH	100.04427	maintenance	13.8196
Asia/Kolkata	2020-12-02	IN	73.7553	good	15.5439
America/Chicago	12/03/2020, 00:00:00	US	-96.67834	average	34.77453
America/Los_Angeles	2012-11-19	US	-117.23991	accep	47.64995
Asia/Kolkata	2016-10-19	IN	72.68533	accep	22.75218
Europe/Moscow	09/10/2021, 00:00:00	RU	38.2739	building	46.7055
Asia/Jakarta	06/29/2021, 00:00:00	ID	107.60389	accep	-7.01833
Europe/Madrid	2017/04/29	ES	2.18247	accep	41.41204
Asia/Kolkata	2020-06-03	IN	84.13864	building	22.88783
Asia/Shanghai	16 Sep 2017	CN	112.19028	accep	30.35028
Asia/Kolkata	2016-07-01	IN	74.85849	excellent	31.28092
Africa/Dar_es_Salaam	28 Jun 2015	TZ	29.65806	accep	-4.83
America/Vancouver	02 Sep 2022	CA	-119.27337	accep	50.26729
Europe/Paris	05/18/2017, 00:00:00	FR	-1.05366	maintenance	43.71032
Asia/Seoul	02 Jan 2020	KR	126.665	building	36.6009
Pacific/Port_Moresby	03/23/2021, 00:00:00	PG	144.23058	good	-5.85746
Asia/Kolkata	05/16/2019, 00:00:00	IN	78.23456	accep	28.92694
Europe/Amsterdam	13 May 2016	NL	6.61944	good	52.57583
Europe/Oslo	12/19/2021, 00:00:00	NO	16.54165	accep	68.79833
Africa/Lagos	27 Oct 2018	NG	4.92235	excellent	7.65649
America/New_York	2013/06/30	US	-72.27814	building	42.93369
America/Tegucigalpa	27 Dec 2020	HN	-86.57415	maintenance	15.48131
Africa/Johannesburg	2015-10-16	ZA	30.79165	accep	-27.76952
Europe/Berlin	12/29/2020, 00:00:00	DE	9.5586	accep	54.52156
America/Mexico_City	16 Aug 2021	MX	-98.11889	accep	19.04222
America/Maceio	2014/06/10	BR	-37.07167	good	-10.91111
Asia/Urumqi	2016/11/03	CN	86.00214	good	46.51872
Europe/Madrid	2014/05/22	ES	-0.18333	good	38.96667
Asia/Shanghai	02/04/2019, 00:00:00	CN	109.22921	accep	34.65918
Europe/Zagreb	04/21/2014, 00:00:00	HR	16.43915	average	43.50891
America/Chicago	05/22/2013, 00:00:00	US	-98.15529	accep	26.18924
America/New_York	05/13/2018, 00:00:00	US	-74.96933	excellent	39.71734
Asia/Tehran	2018-05-16	IR	51.67462	average	32.65246
Africa/Lagos	27 Dec 2018	NG	5.06258	good	7.50251
Europe/Paris	2015-12-22	FR	5.4584	average	43.32393
Europe/Amsterdam	2021/04/23	NL	5.22778	good	51.955
America/Los_Angeles	04/21/2019, 00:00:00	US	-116.21677	building	33.7207
America/Mexico_City	2013/10/31	MX	-103.42897	excellent	20.28527
Europe/Madrid	2015-01-04	ES	3.1631	maintenance	41.91738
America/Detroit	2022-01-11	US	-82.42491	excellent	42.97086
America/New_York	21 Dec 2017	US	-75.23266	excellent	43.1009
Asia/Yekaterinburg	07 Nov 2021	RU	59.80222	average	58.63667
Asia/Damascus	20 Mar 2016	SY	36.7138	excellent	35.95664
Asia/Karachi	2020/10/03	PK	68.21204	average	27.55898
Europe/Dublin	18 Sep 2013	IE	-7.35	average	53.53333
Asia/Kolkata	2016/09/04	IN	84.13864	accep	22.88783
America/New_York	2017/10/17	US	-73.49484	average	41.14676
America/Chicago	04/14/2019, 00:00:00	US	-99.73314	average	32.44874
Europe/Brussels	08/16/2013, 00:00:00	BE	4.25633	average	51.21187
Europe/Berlin	08/29/2019, 00:00:00	DE	12.16179	excellent	48.52961
Asia/Shanghai	13 Jan 2017	CN	111.50861	average	32.54278
Europe/Sofia	2015-09-06	BG	23.225	building	43.4125
Europe/London	2019-02-06	GB	-1.48119	average	53.0233
Asia/Krasnoyarsk	2021-07-18	RU	89.20083	maintenance	55.54028
America/Bogota	2016/11/18	CO	-73.26022	excellent	6.46838
Europe/Dublin	01/22/2019, 00:00:00	IE	-7.35	accep	53.53333
Europe/Rome	04 Apr 2015	IT	9.40531	accep	45.53069
Europe/Moscow	2015/03/03	RU	39.8302	average	64.5635
Africa/Kampala	13 Jul 2014	UG	30.91105	excellent	3.02013
Europe/Warsaw	15 Jun 2020	PL	17.4674	excellent	50.86079
Asia/Shanghai	2021/09/11	CN	117.4831	average	27.34089
Asia/Jerusalem	22 Feb 2016	IL	34.86563	building	31.92923
Europe/Madrid	2019/04/14	ES	-6.03731	excellent	37.35813
Asia/Manila	15 Apr 2015	PH	123.62494	average	12.37169
Asia/Kolkata	04 Jan 2014	IN	74.80555	maintenance	34.08565
Europe/Rome	17 Jan 2015	IT	9.29109	good	45.39402
America/Los_Angeles	2015/07/29	US	-119.0376	accep	34.21639
America/Porto_Velho	2016/08/18	BR	-63.90389	excellent	-8.76194
Asia/Hebron	13 Aug 2016	PS	35.23388	excellent	31.78336
America/Bogota	26 Jan 2013	CO	-73.9614	maintenance	10.15031
Europe/Berlin	2021-08-30	DE	13.31783	excellent	52.61131
America/New_York	2022/01/18	US	-74.96933	accep	39.71734
America/Los_Angeles	2020/12/02	US	-116.37697	average	33.72255
America/Recife	2013-01-26	BR	-35.03333	excellent	-8.28333
America/Martinique	21 May 2018	MQ	-60.94228	good	14.67751
Asia/Manila	2020-01-18	PH	120.89694	average	14.95472
Asia/Tokyo	07/05/2017, 00:00:00	JP	137.23333	excellent	35.8
Africa/Lagos	2017/11/20	NG	6.26764	accep	4.92675
Africa/Lubumbashi	02/17/2019, 00:00:00	CD	24.99798	excellent	-8.73508
Europe/Brussels	08/09/2019, 00:00:00	BE	4.25633	excellent	51.21187
Europe/Paris	2021/06/28	FR	4.91667	average	45.73333
Europe/Amsterdam	03/25/2014, 00:00:00	NL	7.00417	good	52.26083
Africa/Cairo	2018/07/01	EG	31.4976	good	26.67319
Europe/London	2017-03-18	GB	-0.91979	maintenance	51.42708
Asia/Aden	11/02/2013, 00:00:00	YE	46.83187	maintenance	14.53767
America/Santiago	01/04/2013, 00:00:00	CL	-70.6996	good	-33.59217
America/Denver	2013/09/10	US	-111.90466	excellent	40.34912
America/Toronto	2016/07/15	CA	-73.75335	excellent	45.4473
Africa/Casablanca	12/09/2017, 00:00:00	MA	-2.16	accep	34.31
Europe/Paris	06/04/2019, 00:00:00	FR	2.12213	building	48.8222
Europe/Moscow	2012/12/08	RU	30.28491	good	60.02427
Africa/Cairo	03/31/2016, 00:00:00	EG	31.4976	good	26.67319
Africa/Lagos	10 Sep 2015	NG	5.06258	excellent	7.50251
Asia/Tokyo	2016/01/09	JP	135.6	average	34.61667
Asia/Krasnoyarsk	2019-09-11	RU	89.20083	accep	55.54028
Europe/Berlin	2013/08/03	DE	11.32903	accep	50.9803
America/Mexico_City	2018/06/25	MX	-97.35992	good	19.8173
Africa/Tripoli	19 Jul 2016	LY	10.18003	maitennce	24.96334
Europe/London	2018-04-06	GB	-2.52398	accep	53.19146
Atlantic/Azores	2016/07/02	PT	-25.66689	average	37.74615
Europe/London	2014/09/25	GB	-3.52751	average	50.7236
Asia/Jakarta	18 Feb 2017	ID	98.6738	average	3.7278
America/Santarem	09/30/2015, 00:00:00	BR	-52.20639	excellent	-3.20333
Asia/Tehran	01 May 2016	IR	48.26258	accep	33.86419
Europe/Kiev	04 Apr 2015	UA	26.97253	good	49.65186
Europe/Amsterdam	2020-01-12	NL	5.51978	average	51.44889
Asia/Hong_Kong	19 Sep 2014	HK	114.10479	average	22.37066
America/Chicago	2016-05-20	US	-86.78777	maintenance	33.44872
Australia/Sydney	2016-11-10	AU	150.99292	building	-33.75881
Asia/Ho_Chi_Minh	2017-05-01	VN	105.75635	accep	10.29085
Europe/Moscow	2020/03/24	RU	38.2739	excellent	46.7055
Asia/Jakarta	2014/06/01	ID	99.1625	accep	3.3285
America/Argentina/Cordoba	06/06/2018, 00:00:00	AR	-61.4867	building	-31.25033
Europe/Madrid	2014/02/05	ES	-6.03731	building	37.35813
Europe/Brussels	04 Feb 2018	BE	4.69889	good	50.56149
Pacific/Honolulu	02 Oct 2015	US	-156.47432	excellent	20.88953
Europe/Bratislava	2017-10-21	SK	17.8031	good	48.43174
Africa/Douala	2016/07/19	CM	10.7	good	4.96667
Europe/Berlin	2013/01/22	DE	6.8625	maintenance	51.47805
Asia/Yerevan	05/05/2022, 00:00:00	AM	44.7662	excellent	40.49748
Asia/Bangkok	01/27/2022, 00:00:00	TH	103.65309	average	16.0567
America/Lima	19 Apr 2021	PE	-69.08333	average	-16.25
Africa/Nairobi	2016/06/27	KE	34.11169	excellent	0.46005
America/New_York	02/01/2017, 00:00:00	US	-81.23621	accep	33.98154
Europe/London	04 Nov 2019	GB	-1.29243	average	53.49389
America/Toronto	2020/04/11	CA	-73.81669	good	45.44868
America/Chicago	2017-03-15	US	-91.06177	excellent	33.41012
Asia/Jakarta	16 Oct 2013	ID	98.6738	building	3.7278
Europe/London	09/02/2016, 00:00:00	GB	-2.52398	building	53.19146
Asia/Vladivostok	07/12/2020, 00:00:00	RU	140.72287	average	53.14657
Asia/Kolkata	08 Aug 2022	IN	75.35927	maintenance	12.04161
Europe/Paris	2014-05-25	FR	1.00288	good	49.28669
America/Sao_Paulo	2014-09-28	BR	-49.27306	maintenance	-25.42778
America/Bogota	08/19/2014, 00:00:00	CO	-74.73584	good	5.20856
Europe/Warsaw	2014-07-27	PL	18.30056	excellent	50.5107
Europe/Brussels	2014-04-14	BE	4.21372	good	51.12794
Africa/Kampala	07/23/2017, 00:00:00	UG	30.98551	good	2.41669
America/Bogota	2014/04/20	CO	-72.47417	accep	7.83389
America/Los_Angeles	12/16/2018, 00:00:00	US	-118.25508	good	34.14251
Australia/Perth	2015-12-13	AU	115.8614	accep	-31.95224
Europe/Moscow	2014/12/23	RU	38.16694	average	54.84444
Europe/Paris	03/09/2014, 00:00:00	FR	2.12213	maintenance	48.8222
Asia/Kolkata	19 Sep 2015	IN	84.63445	maintenance	24.81757
America/Los_Angeles	14 Oct 2019	US	-122.2054	building	47.76232
Europe/Rome	2016-07-11	IT	14.01481	good	42.67164
America/Toronto	16 Mar 2018	CA	-80.38297	good	42.8334
Asia/Bangkok	2016-04-25	TH	101.18445	excellent	13.44581
America/Sao_Paulo	2022/04/19	BR	-48.59278	accep	-23.7975
America/Argentina/Buenos_Aires	2013/11/29	AR	-58.70072	average	-34.74785
America/Toronto	21 Sep 2018	CA	-80.38297	building	42.8334
Africa/Tunis	02/13/2022, 00:00:00	TN	10.78222	maintenance	36.46917
Asia/Kuala_Lumpur	2021/10/30	MY	100.24529	maintenance	5.4709
America/Chicago	28 Apr 2017	US	-87.45476	building	41.47892
America/Los_Angeles	2021-10-11	US	-122.40433	accep	37.71715
Asia/Seoul	08/03/2021, 00:00:00	KR	127.08472	accep	36.20389
Europe/Madrid	08 Aug 2016	ES	-3.67029	building	37.13548
America/Los_Angeles	2013-07-22	US	-120.43572	excellent	34.95303
Asia/Kolkata	2021/12/03	IN	75.96976	average	15.73628
Europe/Moscow	2017/01/28	RU	38.12408	good	53.77166
Asia/Shanghai	30 Dec 2017	CN	122.22833	good	40.66482
America/Mexico_City	2018-03-31	MX	-103.5687	excellent	20.22816
America/Martinique	2018/06/24	MQ	-60.94228	accep	14.67751
Asia/Bangkok	2013/02/12	TH	99.89166	good	15.46063
Asia/Shanghai	2021-10-29	CN	122.22833	good	40.66482
America/Boise	12 May 2015	US	-116.56346	accep	43.54072
America/Los_Angeles	27 Jun 2018	US	-116.37697	average	33.72255
America/New_York	2014/02/24	US	-74.96933	accep	39.71734
America/Indiana/Indianapolis	2020/07/27	US	-85.76942	accep	39.78504
Asia/Damascus	30 Apr 2014	SY	36.7138	excellent	35.95664
Asia/Shanghai	2017/11/21	CN	117.33333	good	34.85
America/Mexico_City	01/27/2020, 00:00:00	MX	-101.2591	maintenance	21.01858
America/Bogota	22 Jul 2018	CO	-75.87877	average	5.6561
Europe/London	2016-05-01	GB	-0.36053	maintenance	51.64316
Asia/Shanghai	2021/07/23	CN	122.08333	accep	46.08333
Europe/Istanbul	2013-02-19	TR	37.3825	building	37.05944
Europe/Kiev	10/09/2016, 00:00:00	UA	29.41824	average	45.99194
Europe/Rome	2018/12/17	IT	14.34085	maintenance	40.87363
America/New_York	15 Aug 2018	US	-81.23621	average	33.98154
America/Mexico_City	05 Jul 2014	MX	-98.11889	excellent	19.04222
Europe/Oslo	2013-04-23	NO	16.54165	excellent	68.79833
Asia/Kolkata	2019/02/23	IN	74.4818	acceptable	30.21121
Europe/Zaporozhye	01/24/2019, 00:00:00	UA	38.15035	excellent	49.41029
Asia/Kuala_Lumpur	2016/11/27	MY	102.3278	average	2.2139
Asia/Kolkata	2020/12/04	IN	74.80555	average	34.08565
Australia/Sydney	10 May 2016	AU	151.08057	average	-33.79176
America/New_York	09 Aug 2015	US	-84.50855	excellent	39.08367
Europe/Berlin	2017-04-06	DE	9.72749	maintenance	48.28259
Europe/Berlin	2022/03/18	DE	11.34046	good	50.72043
Asia/Jakarta	2018/10/13	ID	101.44167	building	0.51667
Europe/Rome	01/08/2016, 00:00:00	IT	12.38878	average	43.1122
America/New_York	2017/02/18	US	-72.86843	average	41.27621
America/Mexico_City	20 Nov 2021	MX	-98.1664	accep	19.32932
Asia/Shanghai	01/20/2017, 00:00:00	CN	120.03308	excellent	28.88162
Europe/Berlin	2021-10-13	DE	13.31783	average	52.61131
Asia/Kolkata	2017-10-30	IN	74.80555	accep	34.08565
Asia/Shanghai	2021-09-15	CN	123.17306	excellent	41.27194
Asia/Kolkata	2018/07/23	IN	77.24779	good	10.58806
Europe/Dublin	12/04/2013, 00:00:00	IE	-7.95	building	53.43333
America/Los_Angeles	2021-02-01	US	-121.75689	maintenance	36.91023
Asia/Colombo	30 Jul 2018	LK	79.883	average	6.9909
Europe/Berlin	12 Sep 2014	DE	9.5926	average	52.86147
Asia/Kolkata	16 Feb 2013	IN	76.32756	excellent	9.57046
Europe/London	03/10/2015, 00:00:00	GB	-1.48119	good	53.0233
Europe/Kiev	2013-05-06	UA	27.06365	average	50.18545
Asia/Shanghai	02/23/2021, 00:00:00	CN	117.81667	average	36.81667
America/New_York	08/08/2021, 00:00:00	US	-83.2321	good	33.08014
Europe/Berlin	12 Jan 2022	DE	7.11393	excellent	51.08468
Europe/Berlin	2012/11/01	DE	9.72749	average	48.28259
America/New_York	2018-11-17	US	-73.89125	good	40.67705
Africa/Tripoli	06/18/2014, 00:00:00	LY	20.22625	accep	30.75545
Africa/Accra	04/11/2018, 00:00:00	GH	-2.31938	building	6.46346
America/Denver	2018/03/18	US	-104.22884	good	32.42067
Africa/Abidjan	26 Dec 2014	CI	-5.682	accep	5.84752
Asia/Dhaka	2021-03-13	BD	91.84128	maintenance	22.83957
Europe/Berlin	2021/12/08	DE	10.03988	excellent	53.6052
Asia/Phnom_Penh	2020-10-16	KH	102.56365	average	13.65805
Africa/Lagos	12 Nov 2018	NG	4.52514	average	12.74482
Europe/Rome	04/25/2017, 00:00:00	IT	17.58522	average	40.53123
Africa/Lagos	2017/08/11	NG	4.74161	maintenance	7.62789
Asia/Kolkata	07/19/2013, 00:00:00	IN	81.54855	average	26.2649
Asia/Shanghai	2016/01/21	CN	117.27583	excellent	35.64889
Asia/Karachi	05 Sep 2018	PK	68.21204	excellent	27.55898
Africa/Accra	08/01/2016, 00:00:00	GH	-1.4001	excellent	7.06273
Africa/Abidjan	2022-08-25	CI	-3.59625	average	5.27247
Europe/Moscow	23 Apr 2016	RU	38.12408	accep	53.77166
America/Los_Angeles	11/11/2012, 00:00:00	US	-117.23991	maintenance	47.64995
Europe/Rome	03 Jul 2015	IT	17.80774	good	40.55851
Africa/Lubumbashi	2020-07-08	CD	24.43973	good	0.76755
America/Panama	06/11/2019, 00:00:00	PA	-79.62603	accep	8.88988
America/Denver	31 Mar 2016	US	-111.90466	accep	40.34912
Asia/Phnom_Penh	02/02/2013, 00:00:00	KH	102.56365	building	13.65805
America/Argentina/Cordoba	2019-05-30	AR	-61.4867	maintenance	-31.25033
Asia/Kolkata	2018-11-21	IN	83.36889	good	26.76628
Europe/Berlin	2022-02-02	DE	6.51352	accep	51.19139
Asia/Shanghai	10/15/2014, 00:00:00	CN	117.81667	excellent	36.81667
Asia/Shanghai	29 May 2013	CN	118.53333	maintenance	27.92333
America/Toronto	2020-12-20	CA	-73.86586	good	45.43341
America/Port-au-Prince	2020-11-12	HT	-72.22625	building	18.57677
Europe/Moscow	01/18/2016, 00:00:00	RU	30.38167	good	59.80917
Africa/Johannesburg	2016/01/29	ZA	30.79165	excellent	-27.76952
Europe/Amsterdam	02/27/2013, 00:00:00	NL	5.51978	excellent	51.44889
Europe/Warsaw	25 Jun 2021	PL	18.30056	maintenance	50.5107
America/Glace_Bay	02 Nov 2014	CA	-60.1831	accep	46.1351
Africa/Algiers	2017-10-13	DZ	4.08282	building	36.61954
Europe/Moscow	13 Oct 2020	RU	40.17171	excellent	58.1908
Africa/Mogadishu	03/02/2013, 00:00:00	SO	43.38531	building	9.89206
Indian/Reunion	2016-06-26	RE	55.4504	good	-20.88231
Asia/Kolkata	2014/07/21	IN	79.41727	average	12.25282
Europe/Paris	24 Dec 2021	FR	-0.45877	excellent	46.32313
Europe/London	2016-12-01	GB	-5.53715	excellent	50.11861
Europe/Berlin	04/27/2021, 00:00:00	DE	7.20769	maintenance	50.80019
Asia/Ho_Chi_Minh	2017-09-06	VN	105.75635	average	10.29085
Asia/Yekaterinburg	2017-01-01	RU	57.3552	average	51.4781
Asia/Krasnoyarsk	08/08/2022, 00:00:00	RU	89.20083	accep	55.54028
Asia/Jakarta	2021/02/06	ID	114.33333	good	-8.43333
Europe/Paris	2013-08-25	FR	-4.1	building	48
America/Los_Angeles	10 Feb 2013	US	-117.79394	excellent	33.76446
Asia/Kolkata	09/16/2022, 00:00:00	IN	79.41727	excellent	12.25282
America/Chicago	11 May 2021	US	-91.06177	good	33.41012
Europe/Paris	2018-06-19	FR	4.7934	good	45.69558
Africa/Dar_es_Salaam	2014/10/29	TZ	29.65806	excellent	-4.83
Africa/Algiers	24 Mar 2015	DZ	3.55665	maintenance	36.72544
America/New_York	2014-12-21	US	-73.89125	average	40.67705
America/Indiana/Indianapolis	2017/01/22	US	-85.76942	good	39.78504
Europe/Kiev	2013/05/18	UA	25.34244	good	50.75932
Europe/Istanbul	2017/09/17	TR	40.74357	accep	37.31309
Africa/Dar_es_Salaam	2021-10-14	TZ	39.28333	accep	-10.33333
America/Managua	2016/05/12	NI	-86.58208	average	13.48082
Europe/Paris	05/04/2018, 00:00:00	FR	-0.45877	building	46.32313
Asia/Colombo	18 May 2015	LK	79.87116	accep	6.84019
America/Sao_Paulo	26 Feb 2021	BR	-51.87389	good	-23.44361
Asia/Shanghai	2019/07/15	CN	125.51176	maintenance	42.64031
Europe/Amsterdam	2013-02-24	NL	4.47124	excellent	51.95838
America/Santo_Domingo	07 Sep 2015	DO	-71.10077	maintenance	18.20854
Europe/Prague	2022-09-06	CZ	12.87117	excellent	50.23271
Europe/Moscow	10/09/2016, 00:00:00	RU	36.73307	average	55.38752
Europe/Istanbul	2022-04-03	TR	37.3825	maintenance	37.05944
Africa/Dar_es_Salaam	2018-05-12	TZ	29.65806	accep	-4.83
Africa/Mogadishu	05/12/2020, 00:00:00	SO	43.38531	good	9.89206
Pacific/Port_Moresby	2018-01-21	PG	144.23058	good	-5.85746
Australia/Brisbane	2020-12-19	AU	153.10236	building	-27.50578
Asia/Manila	2022-02-12	PH	120.4861	average	16.0438
Europe/London	01/28/2018, 00:00:00	GB	-2.68758	good	53.69786
Asia/Damascus	05/11/2019, 00:00:00	SY	36.7138	excellent	35.95664
Europe/Podgorica	2021-06-16	ME	18.84	average	42.28639
Europe/London	09/05/2020, 00:00:00	GB	-2.12139	excellent	52.48173
Asia/Kolkata	24 Feb 2013	IN	88.28637	excellent	23.07492
America/Chicago	2013/03/19	US	-88.3162	acceptable	42.24113
Asia/Manila	2022/05/22	PH	123.62494	good	12.37169
America/New_York	2021/12/17	US	-80.08199	excellent	35.88264
Europe/Berlin	19 Jan 2017	DE	8.77069	excellent	50.80904
Africa/Dar_es_Salaam	2022/05/11	TZ	39.25	maintenance	-6.8
Asia/Shanghai	2021/04/08	CN	125.51176	accep	42.64031
Asia/Kolkata	12/29/2021, 00:00:00	IN	85.94001	maintenance	25.49043
Europe/London	01/31/2013, 00:00:00	GB	-2.68758	average	53.69786
Australia/Perth	09 Apr 2022	AU	115.88782	accep	-32.05251
America/Chicago	2019/01/06	US	-88.81395	average	35.61452
Asia/Kolkata	2019-09-25	IN	74.4818	accep	30.21121
America/New_York	05/22/2017, 00:00:00	US	-71.08977	average	41.9001
America/Chicago	06/30/2015, 00:00:00	US	-87.88754	good	41.15376
Africa/Algiers	08 Jan 2016	DZ	2.95924	accep	36.76775
America/New_York	09/08/2017, 00:00:00	US	-73.0515	average	41.55815
Africa/Lagos	2020/07/26	NG	6.83042	excellent	6.15038
Australia/Sydney	12/17/2021, 00:00:00	AU	151.08057	average	-33.79176
America/Bogota	16 Oct 2013	CO	-74.95472	good	10.98778
Asia/Karachi	01/29/2020, 00:00:00	PK	72.54064	excellent	31.82539
Asia/Karachi	08/03/2020, 00:00:00	PK	71.57118	good	32.87533
America/Mexico_City	2022-02-03	MX	-103.5687	accep	20.22816
America/La_Paz	10/26/2016, 00:00:00	BO	-65.71875	maintenance	-21.44345
Europe/Sofia	2015-02-04	BG	24.71204	good	41.57439
America/Chicago	03/06/2019, 00:00:00	US	-88.42814	building	42.16808
Asia/Karachi	2017-09-12	PK	72.54566	accep	29.69221
Europe/Moscow	2013/12/01	RU	46.5813	accep	54.8421
America/New_York	2017/06/16	US	-73.0515	average	41.55815
Asia/Shanghai	2016/11/27	CN	130.57211	good	45.75279
Asia/Kolkata	02/07/2014, 00:00:00	IN	85.94001	accep	25.49043
America/Los_Angeles	2021/11/12	US	-120.45794	accep	34.63915
Europe/London	17 Dec 2013	GB	-0.29825	good	51.39148
Europe/Paris	10/01/2020, 00:00:00	FR	5.4384	excellent	43.2907
Africa/Lagos	2017-06-01	NG	3.39467	maintenance	6.45407
Europe/London	09/03/2022, 00:00:00	GB	0.75	accep	52.41667
Asia/Shanghai	03 Jun 2015	CN	114.51667	average	33.78333
Africa/Addis_Ababa	2013-09-23	ET	37.55	accep	6.03333
Africa/Lagos	2021/03/09	NG	6.26764	average	4.92675
Asia/Kolkata	2021-09-26	IN	75.35927	accep	12.04161
America/New_York	01 Feb 2015	US	-82.90375	maintenance	32.54044
America/Sao_Paulo	2018-10-08	BR	-52.67056	good	-26.22861
Europe/Rome	02/27/2021, 00:00:00	IT	8.86374	accep	44.89784
America/Recife	2018-01-05	BR	-34.88111	accep	-8.05389
Asia/Kolkata	2013/07/15	IN	77.5609	excellent	11.00599
Asia/Manila	07 Jul 2015	PH	120.5875	excellent	16.455
Europe/Lisbon	04/13/2021, 00:00:00	PT	-8.2503	average	37.08819
Europe/London	24 Aug 2022	GB	-2.58736	maintenance	56.56317
Europe/London	2019/01/03	GB	-1.99421	excellent	51.35084
Europe/Rome	28 Jun 2019	IT	8.62118	maintenance	45.44694
America/New_York	11/03/2020, 00:00:00	US	-73.89875	building	40.93121
Europe/London	2018/08/21	GB	-1.06667	accep	53.78333
Asia/Karachi	2014/09/07	PK	71.57118	good	32.87533
America/Los_Angeles	2017-07-16	US	-116.37697	average	33.72255
America/Chicago	2012/12/30	US	-90.10674	maitennce	29.84576
Asia/Shanghai	2016/03/28	CN	125.51176	average	42.64031
America/Sao_Paulo	2013-01-07	BR	-42.19667	average	-21.41222
Asia/Kolkata	2015/09/13	IN	77.656	accep	28.71271
Europe/London	2021/12/20	GB	-1.32471	average	51.40148
America/New_York	16 Nov 2013	US	-72.86843	excellent	41.27621
Asia/Jakarta	03 Aug 2015	ID	106.85417	excellent	-6.48167
Indian/Antananarivo	2015-12-02	MG	44.53333	excellent	-22.9
Asia/Tashkent	14 Mar 2021	UZ	72.34424	good	40.78206
Europe/Madrid	11/24/2016, 00:00:00	ES	-5.55835	good	42.64685
America/Chicago	2016/04/25	US	-95.63079	building	31.76212
Europe/Berlin	2021/02/25	DE	8.77069	excellent	50.80904
Europe/Moscow	13 Jul 2022	RU	38.07083	average	54.90083
Asia/Tokyo	02/16/2016, 00:00:00	JP	137.95378	accep	35.82756
Europe/Amsterdam	2013/07/21	NL	5.51978	average	51.44889
America/Bogota	2016/02/15	CO	-74.73584	building	5.20856
America/Caracas	2017/03/28	VE	-67.33122	building	10.22677
Australia/Sydney	06 Oct 2017	AU	146.05093	average	-34.28853
America/Los_Angeles	2017-12-08	US	-122.2054	excellent	47.76232
America/Los_Angeles	30 Nov 2015	US	-117.71978	average	34.09668
Africa/Lubumbashi	2018-03-04	CD	24.43973	maintenance	0.76755
Africa/Algiers	02 Oct 2012	DZ	3.50309	average	34.15429
Europe/Paris	2017/04/15	FR	2.1699	maintenance	48.98994
Africa/Addis_Ababa	25 Mar 2020	ET	38.01667	good	11.85
America/Glace_Bay	06/25/2018, 00:00:00	CA	-60.1831	maintenance	46.1351
Asia/Kabul	2022/08/11	AF	65.93249	accep	36.21544
America/New_York	07/29/2016, 00:00:00	US	-72.97261	accep	43.61062
Asia/Tokyo	22 Apr 2022	JP	144.09638	excellent	43.82634
Europe/Amsterdam	11 May 2020	NL	6.76111	good	53.16167
Europe/Zagreb	12/07/2020, 00:00:00	HR	16.43915	average	43.50891
Asia/Ho_Chi_Minh	04 Apr 2020	VN	105.75635	building	10.29085
Asia/Manila	01 Apr 2015	PH	120.89694	average	14.95472
Asia/Manila	2017/07/15	PH	121.06761	accep	12.35275
Europe/Warsaw	2018/06/16	PL	15.00835	excellent	51.14942
Asia/Kolkata	12/27/2017, 00:00:00	IN	75.92694	accep	14.46693
Africa/Kigali	2018/09/05	RW	30.4347	building	-1.9487
Europe/Vilnius	2020/05/28	LT	24.75	average	55.25
America/Havana	04/14/2014, 00:00:00	CU	-81.24441	building	23.15678
Europe/Amsterdam	2021/02/13	NL	5.74861	building	52.71083
America/Los_Angeles	04/08/2013, 00:00:00	US	-118.03917	excellent	33.95015
America/New_York	2017-03-03	US	-74.28459	average	40.5576
Asia/Tehran	2012/10/15	IR	51.49621	excellent	36.64852
Europe/Berlin	08/31/2016, 00:00:00	DE	11.18709	excellent	48.73218
America/New_York	14 Mar 2017	US	-77.4286	excellent	39.00622
Europe/Berlin	2016/02/28	DE	10.5511	good	52.47774
America/New_York	2020-08-07	US	-73.97069	average	40.64621
Europe/London	27 Apr 2014	GB	-1.48119	average	53.0233
Europe/Moscow	2018/11/04	RU	39.85331	accep	57.30185
Europe/Stockholm	09/08/2022, 00:00:00	SE	17.10558	maintenance	61.72744
Europe/Rome	09/21/2013, 00:00:00	IT	14.66737	excellent	41.55947
America/Los_Angeles	27 Oct 2014	US	-122.38731	building	45.53929
America/Costa_Rica	11/12/2017, 00:00:00	CR	-85.43772	average	10.63504
Australia/Melbourne	09 Jul 2014	AU	145.13643	average	-38.16604
Europe/Istanbul	2013-11-16	TR	28.67582	excellent	40.98894
Europe/Moscow	15 Jul 2016	RU	32.86389	average	53.95278
Europe/Rome	08/05/2019, 00:00:00	IT	17.58522	building	40.53123
Europe/Amsterdam	2016/07/11	NL	6.92917	good	52.31333
Asia/Kolkata	11/16/2017, 00:00:00	IN	73.85535	excellent	18.51957
Australia/Sydney	2015-03-21	AU	146.05093	accep	-34.28853
Asia/Kolkata	03/11/2021, 00:00:00	IN	75.92694	maitennce	14.46693
Africa/Blantyre	2022/01/02	MW	34.4587	excellent	-13.7804
Asia/Tokyo	2018-07-30	JP	137.95378	excellent	35.82756
Europe/Paris	2015-06-06	FR	2.08333	building	48.86667
America/Havana	28 Jul 2015	CU	-81.24441	accep	23.15678
America/Los_Angeles	04/22/2020, 00:00:00	US	-123.02621	accep	44.99012
America/Martinique	04 Aug 2018	MQ	-60.94228	good	14.67751
Africa/Johannesburg	06/04/2019, 00:00:00	ZA	29.00974	building	-24.19436
Europe/Berlin	04 Nov 2016	DE	12.1369	accep	51.04962
America/Havana	2020/02/29	CU	-77.43532	accep	20.14298
Asia/Shanghai	24 Sep 2018	CN	120.82747	excellent	37.30553
Europe/Paris	10 Apr 2022	FR	2.45012	accep	48.90982
Asia/Shanghai	2017/08/29	CN	120.14278	good	32.50611
Europe/Brussels	2017/09/04	BE	4.07601	accep	50.88506
Africa/Tripoli	2021-03-05	LY	10.18003	maintenance	24.96334
Europe/Istanbul	02/04/2017, 00:00:00	TR	40.74357	excellent	37.31309
Africa/Algiers	05/24/2019, 00:00:00	DZ	3.47717	accep	36.76639
America/Boise	2021/03/28	US	-116.56346	good	43.54072
America/Chicago	2014-12-03	US	-87.66561	maintenance	41.8542
Europe/London	31 Jan 2017	GB	-5.53715	good	50.11861
Europe/Berlin	2017/02/20	DE	8.63333	good	52.2
Europe/Berlin	30 Oct 2020	DE	8.70745	maintenance	49.03685
Africa/Casablanca	10/28/2017, 00:00:00	MA	-2.16	excellent	34.31
Asia/Kolkata	04/25/2015, 00:00:00	IN	72.93924	accep	18.87813
Africa/Djibouti	13 Aug 2014	DJ	42.7125	maintenance	11.15583
Europe/Zaporozhye	2015-02-02	UA	36.25361	average	47.48444
America/New_York	12/31/2012, 00:00:00	US	-72.27814	good	42.93369
Africa/Conakry	05/03/2014, 00:00:00	GN	-13.68778	accep	9.535
Europe/Dublin	06/29/2018, 00:00:00	IE	-7.35	excellent	53.53333
Europe/Madrid	11/25/2014, 00:00:00	ES	2.35739	excellent	41.63976
Asia/Kolkata	2015/12/28	IN	85.83334	accep	20.88197
Africa/Lubumbashi	2013-12-03	CD	29.47306	good	0.49113
Europe/Rome	2017-10-08	IT	16.50104	good	41.24264
Europe/Moscow	09/20/2015, 00:00:00	RU	38.07083	accep	54.90083
Asia/Tokyo	18 Aug 2020	JP	136.13108	maintenance	34.75856
Asia/Kolkata	08 Oct 2020	IN	83.36889	excellent	26.76628
Europe/Berlin	07 Nov 2021	DE	13.28702	excellent	52.4581
America/Chicago	03/26/2016, 00:00:00	US	-86.77917	acceptable	36.02506
America/Argentina/Ushuaia	06/19/2019, 00:00:00	AR	-68.3	good	-54.8
Asia/Colombo	2014/02/28	LK	79.87116	accep	6.84019
America/Bogota	2014/01/31	CO	-73.9614	good	10.15031
Africa/Dar_es_Salaam	09/10/2022, 00:00:00	TZ	38.01667	average	-5.41667
Asia/Kuala_Lumpur	2019/01/06	MY	103.6032	building	1.6561
Asia/Shanghai	2020-10-31	CN	112.73333	building	38.40917
Asia/Shanghai	2021-08-04	CN	120.33063	excellent	37.65181
Asia/Jerusalem	10/06/2018, 00:00:00	IL	34.86563	excellent	31.92923
America/Argentina/Cordoba	02 Feb 2016	AR	-60.93173	accep	-31.4488
America/Havana	07/27/2017, 00:00:00	CU	-80.58556	average	22.98212
Africa/Tunis	2018/08/12	TN	9.37082	good	36.08497
Europe/Rome	2020/12/01	IT	9.29109	good	45.39402
Europe/Istanbul	12/14/2015, 00:00:00	TR	28.88222	excellent	40.37528
